RANK,DOMAIN
1,google.com
2,youtube.com
3,facebook.com
4,baidu.com
5,wikipedia.org
6,yahoo.com
7,google.co.in
8,reddit.com
9,qq.com
10,amazon.com
11,taobao.com
12,twitter.com
13,tmall.com
14,google.co.jp
15,live.com
16,vk.com
17,instagram.com
18,sohu.com
19,sina.com.cn
20,jd.com
21,weibo.com
22,360.cn
23,google.de
24,google.co.uk
25,linkedin.com
26,google.com.br
27,list.tmall.com
28,google.fr
29,google.ru
30,yandex.ru
31,netflix.com
32,google.com.hk
33,yahoo.co.jp
34,google.it
35,t.co
36,ebay.com
37,google.es
38,pornhub.com
39,imgur.com
40,bing.com
41,msn.com
42,onclkds.com
43,twitch.tv
44,google.com.mx
45,google.ca
46,tumblr.com
47,gmw.cn
48,alipay.com
49,livejasmin.com
50,xvideos.com
51,mail.ru
52,microsoft.com
53,ok.ru
54,aliexpress.com
55,wordpress.com
56,hao123.com
57,stackoverflow.com
58,imdb.com
59,github.com
60,amazon.co.jp
61,blogspot.com
62,pinterest.com
63,csdn.net
64,wikia.com
65,apple.com
66,google.com.tr
67,popads.net
68,youth.cn
69,office.com
70,bongacams.com
71,paypal.com
72,microsoftonline.com
73,google.com.tw
74,google.com.au
75,whatsapp.com
76,google.pl
77,xhamster.com
78,detail.tmall.com
79,diply.com
80,google.co.id
81,adobe.com
82,coccoc.com
83,craigslist.org
84,nicovideo.jp
85,txxx.com
86,dropbox.com
87,amazon.de
88,google.com.ar
89,amazon.in
90,googleusercontent.com
91,google.com.pk
92,booking.com
93,thepiratebay.org
94,google.co.th
95,porn555.com
96,pixnet.net
97,tianya.cn
98,google.com.eg
99,china.com
100,bbc.co.uk
101,soso.com
102,google.com.sa
103,savefrom.net
104,amazon.co.uk
105,bbc.com
106,fc2.com
107,mozilla.org
108,rakuten.co.jp
109,uptodown.com
110,cnn.com
111,so.com
112,soundcloud.com
113,google.com.ua
114,quora.com
115,amazonaws.com
116,ask.com
117,clicksgear.com
118,xnxx.com
119,google.nl
120,nytimes.com
121,naver.com
122,ettoday.net
123,adf.ly
124,dailymotion.com
125,onlinesbi.com
126,google.co.za
127,steamcommunity.com
128,google.co.ve
129,salesforce.com
130,espn.com
131,fbcdn.net
132,stackexchange.com
133,blogger.com
134,chase.com
135,google.co.kr
136,ebay.de
137,vimeo.com
138,vice.com
139,theguardian.com
140,blastingnews.com
141,tribunnews.com
142,steampowered.com
143,chaturbate.com
144,ebay.co.uk
145,detik.com
146,google.gr
147,google.com.vn
148,buzzfeed.com
149,indeed.com
150,dailymail.co.uk
151,mediafire.com
152,avito.ru
153,cnet.com
154,google.com.sg
155,globo.com
156,xinhuanet.com
157,openload.co
158,spotify.com
159,flipkart.com
160,ladbible.com
161,google.com.ph
162,google.com.co
163,popcash.net
164,google.be
165,google.se
166,deviantart.com
167,zhihu.com
168,google.cn
169,roblox.com
170,github.io
171,walmart.com
172,google.az
173,douyu.com
174,uol.com.br
175,force.com
176,slideshare.net
177,upornia.com
178,wikihow.com
179,yelp.com
180,twimg.com
181,daikynguyenvn.com
182,w3schools.com
183,washingtonpost.com
184,china.com.cn
185,pinimg.com
186,godaddy.com
187,etsy.com
188,rambler.ru
189,alibaba.com
190,sogou.com
191,nih.gov
192,google.at
193,hclips.com
194,softonic.com
195,babytree.com
196,redtube.com
197,google.com.ng
198,iwanttodeliver.com
199,9gag.com
200,slack.com
201,google.com.pe
202,bankofamerica.com
203,mercadolivre.com.br
204,4chan.org
205,google.ro
206,cpm10.com
207,thestartmagazine.com
208,google.cz
209,redd.it
210,google.ch
211,tripadvisor.com
212,bet365.com
213,gfycat.com
214,amazon.fr
215,performanceadexchange.com
216,metropcs.mobi
217,bp.blogspot.com
218,discordapp.com
219,google.cl
220,wellsfargo.com
221,trello.com
222,amazon.it
223,indiatimes.com
224,battle.net
225,google.pt
226,zillow.com
227,1688.com
228,google.co.ao
229,messenger.com
230,thewhizmarketing.com
231,google.no
232,kinogo.club
233,kissanime.ru
234,mama.cn
235,gamepedia.com
236,youporn.com
237,forbes.com
238,people.com.cn
239,myway.com
240,yts.ag
241,tokopedia.com
242,google.ae
243,abs-cbn.com
244,youm7.com
245,pipeschannels.com
246,weather.com
247,outbrain.com
248,ameblo.jp
249,ikea.com
250,spotscenered.info
251,kakaku.com
252,trackmedia101.com
253,mega.nz
254,39.net
255,bilibili.com
256,google.dz
257,huffingtonpost.com
258,hotmovs.com
259,speedtest.net
260,livejournal.com
261,reimageplus.com
262,google.ie
263,adexchangeprediction.com
264,hotstar.com
265,rarbg.to
266,wetransfer.com
267,ign.com
268,doubleclick.net
269,google.hu
270,irctc.co.in
271,gomovies.to
272,foxnews.com
273,aol.com
274,sharepoint.com
275,google.co.il
276,archive.org
277,airbnb.com
278,allegro.pl
279,torrentz2.eu
280,bestbuy.com
281,amazon.cn
282,ltn.com.tw
283,huanqiu.com
284,leboncoin.fr
285,google.dk
286,cnblogs.com
287,files.wordpress.com
288,bitauto.com
289,dingit.tv
290,codeonclick.com
291,feedly.com
292,sumatoad.com
293,amazon.es
294,freepik.com
295,shutterstock.com
296,wikimedia.org
297,google.fi
298,huaban.com
299,skype.com
300,caijing.com.cn
301,ebay-kleinanzeigen.de
302,businessinsider.com
303,k618.cn
304,breitbart.com
305,liputan6.com
306,kinopoisk.ru
307,onlinevideoconverter.com
308,wordreference.com
309,kompas.com
310,hdzog.com
311,chinadaily.com.cn
312,giphy.com
313,sberbank.ru
314,blogspot.com.br
315,zippyshare.com
316,rutracker.org
317,spankbang.com
318,flickr.com
319,blogspot.in
320,fmovies.is
321,genius.com
322,subject.tmall.com
323,2ch.net
324,tfetimes.com
325,espncricinfo.com
326,mediawhirl.net
327,gamefaqs.com
328,sourceforge.net
329,scribd.com
330,telegram.org
331,videodownloadconverter.com
332,researchgate.net
333,gismeteo.ru
334,mailchimp.com
335,accuweather.com
336,xfinity.com
337,aliyun.com
338,homedepot.com
339,sabah.com.tr
340,mmofreegames.online
341,web.de
342,eastday.com
343,gmx.net
344,leagueoflegends.com
345,youtube-mp3.org
346,rumble.com
347,asos.com
348,varzesh3.com
349,daum.net
350,google.sk
351,1337x.to
352,office365.com
353,naver.jp
354,medium.com
355,ouo.io
356,hola.com
357,thesaurus.com
358,shopify.com
359,orange.fr
360,media.tumblr.com
361,digikala.com
362,rt.com
363,ndtv.com
364,livedoor.com
365,oracle.com
366,telegraph.co.uk
367,wordpress.org
368,olx.ua
369,zendesk.com
370,amazon.ca
371,samsung.com
372,icloud.com
373,redirectvoluum.com
374,cricbuzz.com
375,gearbest.com
376,userapi.com
377,goodreads.com
378,goo.ne.jp
379,capitalone.com
380,bukalapak.com
381,streamable.com
382,weebly.com
383,taboola.com
384,hp.com
385,hulu.com
386,americanexpress.com
387,google.kz
388,iqoption.com
389,target.com
390,beeg.com
391,usps.com
392,ci123.com
393,askcom.me
394,kaskus.co.id
395,weevah2.top
396,subscene.com
397,atlassian.net
398,repubblica.it
399,providr.com
400,onet.pl
401,aparat.com
402,ups.com
403,newstarads.com
404,youdao.com
405,evernote.com
406,independent.co.uk
407,rednet.cn
408,canva.com
409,hatena.ne.jp
410,rottentomatoes.com
411,nownews.com
412,hdfcbank.com
413,wittyfeed.com
414,spiegel.de
415,elpais.com
416,taleo.net
417,bet9ja.com
418,ibm.com
419,yesky.com
420,boredpanda.com
421,udemy.com
422,livedoor.jp
423,shink.in
424,iqiyi.com
425,asdfz.pro
426,duckduckgo.com
427,hatenablog.com
428,sciencedirect.com
429,fiverr.com
430,wp.pl
431,mlb.com
432,mercadolibre.com.ar
433,go.com
434,gyazo.com
435,naij.com
436,reverso.net
437,ensonhaber.com
438,setn.com
439,patreon.com
440,google.com.kw
441,doublepimpssl.com
442,cloudfront.net
443,line.me
444,jrj.com.cn
445,myanimelist.net
446,upwork.com
447,incometaxindiaefiling.gov.in
448,intuit.com
449,nametests.com
450,mobileofferplace.site
451,themeforest.net
452,piz7ohhujogi.com
453,oeeee.com
454,seasonvar.ru
455,dell.com
456,bloomberg.com
457,cerpen.co.id
458,playstation.com
459,urbandictionary.com
460,behance.net
461,fedex.com
462,groupon.com
463,qiita.com
464,exoclick.com
465,box.com
466,scribol.com
467,doublepimp.com
468,glassdoor.com
469,uidai.gov.in
470,theverge.com
471,marca.com
472,coinmarketcap.com
473,wix.com
474,slickdeals.net
475,baike.com
476,rediff.com
477,google.co.nz
478,haber7.com
479,ytimg.com
480,free.fr
481,4dsply.com
482,yadi.sk
483,patch.com
484,ultimate-guitar.com
485,163.com
486,zoho.com
487,onedio.com
488,thewhizproducts.com
489,pandora.com
490,google.bg
491,perfecttoolmedia.com
492,taringa.net
493,sportbible.com
494,citi.com
495,momoshop.com.tw
496,kickstarter.com
497,ebay.it
498,icicibank.com
499,seznam.cz
500,biobiochile.cl
501,gizmodo.com
502,wowhead.com
503,manoramaonline.com
504,t-online.de
505,lifebuzz.com
506,lazada.co.id
507,cnzz.com
508,conservativetribune.com
509,wattpad.com
510,sahibinden.com
511,ebay.com.au
512,pixabay.com
513,naukri.com
514,yandex.ua
515,launchpage.org
516,umblr.com
517,mi.com
518,webmd.com
519,goal.com
520,gamer.com.tw
521,gsmarena.com
522,tutorialspoint.com
523,siteadvisor.com
524,billdesk.com
525,libero.it
526,reuters.com
527,list-manage.com
528,mercadolibre.com.mx
529,poloniex.com
530,paytm.com
531,olx.pl
532,google.lk
533,bleacherreport.com
534,google.rs
535,shaparak.ir
536,emol.com
537,tube8.com
538,blackboard.com
539,pantip.com
540,vporn.com
541,pikabu.ru
542,expedia.com
543,filehippo.com
544,friv.com
545,usatoday.com
546,nur.kz
547,chatwork.com
548,merdeka.com
549,xda-developers.com
550,pulseonclick.com
551,ptt.cc
552,vtv.vn
553,humblebundle.com
554,instructure.com
555,ck101.com
556,dictionary.com
557,hilltopads.net
558,wiktionary.org
559,tvbs.com.tw
560,nike.com
561,porn.com
562,uploaded.net
563,lemonde.fr
564,liftable.com
565,azlyrics.com
566,google.by
567,att.com
568,givemesport.com
569,hurriyet.com.tr
570,bild.de
571,albawabhnews.com
572,wsj.com
573,asana.com
574,tistory.com
575,souq.com
576,newegg.com
577,mit.edu
578,kapanlagi.com
579,coinbase.com
580,wixsite.com
581,hubspot.com
582,flirt4free.com
583,hm.com
584,104.com.tw
585,drom.ru
586,sabq.org
587,pages.tmall.com
588,google.com.do
589,chip.de
590,asus.com
591,wiley.com
592,elmundo.es
593,kijiji.ca
594,hespress.com
595,inquirer.net
596,tabelog.com
597,jabong.com
598,17ok.com
599,lk21.org
600,blogspot.mx
601,hotels.com
602,engadget.com
603,gogoanime.io
604,banggood.com
605,thefreedictionary.com
606,okta.com
607,4shared.com
608,npr.org
609,apple-panda.com
610,comcast.net
611,okdiario.com
612,ouedkniss.com
613,cambridge.org
614,kooora.com
615,ria.ru
616,dmm.co.jp
617,wunderground.com
618,getpocket.com
619,youjizz.com
620,discogs.com
621,adp.com
622,bandcamp.com
623,weblio.jp
624,as.com
625,wish.com
626,51sole.com
627,animeflv.net
628,squarespace.com
629,ctitv.com.tw
630,gamespot.com
631,lolsided.com
632,likrete.com
633,sex.com
634,olx.com.br
635,xe.com
636,life.tw
637,corriere.it
638,techcrunch.com
639,verizonwireless.com
640,youboy.com
641,milliyet.com.tr
642,jianshu.com
643,terraclicks.com
644,jeuxvideo.com
645,webex.com
646,drtuber.com
647,okcupid.com
648,mbc.net
649,badoo.com
650,convert2mp3.net
651,google.hr
652,drive2.ru
653,meetup.com
654,nikkei.com
655,discuss.com.hk
656,chinaz.com
657,mywatchseries.to
658,lapatilla.com
659,quizlet.com
660,blpmovies.com
661,bitbucket.org
662,douban.com
663,mundo.com
664,linkshrink.net
665,thekitchn.com
666,norton.com
667,reallifecam.com
668,surveymonkey.com
669,springer.com
670,google.com.ly
671,gamingwonderland.com
672,blogfa.com
673,mercadolibre.com.ve
674,lifehacker.com
675,fnkyyrgraizy.com
676,thevideo.me
677,suning.com
678,neobux.com
679,brilio.net
680,coursera.org
681,lowes.com
682,eksisozluk.com
683,lefigaro.fr
684,liveadexchanger.com
685,alicdn.com
686,ebay.in
687,japanpost.jp
688,drudgereport.com
689,kotaku.com
690,lenta.ru
691,blog.jp
692,ask.fm
693,buyma.com
694,goo.gl
695,myfreecams.com
696,ccm.net
697,uptobox.com
698,beytoote.com
699,cnbc.com
700,prezi.com
701,motherless.com
702,superuser.com
703,chaoshi.tmall.com
704,newtabtv.com
705,eskimi.com
706,google.tn
707,namnak.com
708,realtor.com
709,indoxxi.net
710,avg.com
711,investopedia.com
712,ca.gov
713,nypost.com
714,ntd.tv
715,discover.com
716,rapidgator.net
717,mobilemonetize.me
718,mirror.co.uk
719,www.gov.uk
720,infusionsoft.com
721,kinokrad.co
722,appledaily.com.tw
723,academia.edu
724,voc.com.cn
725,cdiscount.com
726,gomovies.is
727,lenovo.com
728,nba.com
729,gmarket.co.kr
730,southwest.com
731,stockstar.com
732,dafont.com
733,crunchyroll.com
734,macys.com
735,moneycontrol.com
736,sakura.ne.jp
737,subito.it
738,g2a.com
739,grid.id
740,kayak.com
741,bodybuilding.com
742,googlevideo.com
743,urdupoint.com
744,fanfiction.net
745,camdolls.com
746,udn.com
747,bitly.com
748,secureserver.net
749,divar.ir
750,thesun.co.uk
751,autodesk.com
752,winningdealz.com
753,vnexpress.net
754,banvenez.com
755,fwbntw.com
756,trulia.com
757,eventbrite.com
758,fatosdesconhecidos.com.br
759,rbc.ru
760,fbsbx.com
761,addthis.com
762,unity3d.com
763,caliente.mx
764,xtube.com
765,howtogeek.com
766,android.com
767,gotporn.com
768,snapdeal.com
769,streamcloud.eu
770,wp.com
771,ecosia.org
772,westernjournalism.com
773,investing.com
774,cisco.com
775,interia.pl
776,thebalance.com
777,elbalad.news
778,elmogaz.com
779,commentcamarche.net
780,tomshardware.com
781,el-nacional.com
782,google.com.ec
783,fidelity.com
784,4pda.ru
785,oschina.net
786,express.co.uk
787,viva.co.id
788,duolingo.com
789,php.net
790,prothom-alo.com
791,hamariweb.com
792,europa.eu
793,jimdo.com
794,indianexpress.com
795,cpmofferconvert.com
796,trackingclick.net
797,telewebion.com
798,latimes.com
799,how01.com
800,techradar.com
801,timeanddate.com
802,zone-telechargement.ws
803,voyeurhit.com
804,fanpage.gr
805,pchome.com.tw
806,okezone.com
807,intel.com
808,bhphotovideo.com
809,gazetaexpress.com
810,uber.com
811,disqus.com
812,google.lt
813,kizlarsoruyor.com
814,grammarly.com
815,kissasian.com
816,hootsuite.com
817,khanacademy.org
818,qoolquiz.com
819,zara.com
820,pirateproxy.cc
821,nordstrom.com
822,google.iq
823,ieee.org
824,pof.com
825,ebay.fr
826,mobile01.com
827,zing.vn
828,sockshare.net
829,lifewire.com
830,instructables.com
831,wykop.pl
832,disq.us
833,my-hit.org
834,chinaso.com
835,directrev.com
836,internetspeedtracker.com
837,kinoprofi.org
838,deviantart.net
839,intoday.in
840,blogspot.jp
841,jw.org
842,vidzi.tv
843,gazeta.pl
844,protect-your-privacy.net
845,thehill.com
846,google.com.mm
847,fromdoctopdf.com
848,delta.com
849,hts68934.com
850,prnt.sc
851,olx.in
852,faithtap.com
853,mobile.de
854,yenisafak.com
855,gongchang.com
856,time.com
857,yaplakal.com
858,y8.com
859,solarmoviez.to
860,58.com
861,allrecipes.com
862,sinoptik.ua
863,eyny.com
864,donga.com
865,sapo.pt
866,merriam-webster.com
867,python.org
868,sarkariresult.com
869,popmyads.com
870,cam4.com
871,52pk.com
872,usnews.com
873,stanford.edu
874,sporx.com
875,sh.st
876,askubuntu.com
877,cbsnews.com
878,mangafox.me
879,eltrack.pro
880,myntra.com
881,cqnews.net
882,tebyan.net
883,dailypakistan.com.pk
884,ukr.net
885,issuu.com
886,caixa.gov.br
887,adnetworkperformance.com
888,state.gov
889,justdial.com
890,sputniknews.com
891,myfitnesspal.com
892,ticketmaster.com
893,bittrex.com
894,zoom.us
895,wtoip.com
896,xbox.com
897,google.com.gt
898,comicbook.com
899,asahi.com
900,codepen.io
901,makemytrip.com
902,tnctrx.com
903,metropoles.com
904,sugklonistiko.gr
905,idnes.cz
906,primewire.ag
907,nature.com
908,dianping.com
909,nikkeibp.co.jp
910,dict.cc
911,redfin.com
912,costco.com
913,nbcnews.com
914,agoda.com
915,lazada.com.my
916,bankmellat.ir
917,huawei.com
918,allocine.fr
919,usaa.com
920,admarketplace.net
921,strava.com
922,world.tmall.com
923,prpops.com
924,qingdaonews.com
925,plarium.com
926,nocookie.net
927,tellonym.de
928,idntimes.com
929,google.si
930,op.gg
931,airtel.in
932,food.tmall.com
933,mashable.com
934,ruten.com.tw
935,zomato.com
936,brazzers.com
937,clipconverter.cc
938,andhrajyothy.com
939,labanquepostale.fr
940,chron.com
941,zapmeta.ws
942,politico.com
943,cbc.ca
944,gutefrage.net
945,href.li
946,torrentproject.se
947,visualstudio.com
948,uzone.id
949,focus.de
950,google.tm
951,united.com
952,segmentfault.com
953,welt.de
954,zhanqi.tv
955,ampxchange.com
956,yandex.com.tr
957,likemag.com
958,primevideo.com
959,torrent9.cc
960,turbobit.net
961,chouftv.ma
962,freejobalert.com
963,gazzetta.it
964,perfectgirls.net
965,lazada.com.ph
966,tnaflix.com
967,worldstarhiphop.com
968,x48fly.com
969,java.com
970,ero-advertising.com
971,liveinternet.ru
972,awesomeforyou.club
973,dostor.org
974,vetogate.com
975,digitalprivacyalert.org
976,secure-surf.net
977,11st.co.kr
978,dribbble.com
979,webtretho.com
980,tomsguide.com
981,imagetwist.com
982,lun.com
983,bookmyshow.com
984,ancestry.com
985,ea.com
986,artstation.com
987,livestrong.com
988,piriform.com
989,nulltheme.net
990,wayfair.com
991,theatlantic.com
992,apache.org
993,liveleak.com
994,skysports.com
995,polygon.com
996,cimaclub.com
997,td.com
998,pcgamer.com
999,internetdownloadmanager.com
1000,lazada.co.th
1001,dmv.org
1002,elvenar.com
1003,bhaskar.com
1004,avira.com
1005,vjav.com
1006,photobucket.com
1007,ryanair.com
1008,datumglobal.com
1009,pastebin.com
1010,namasha.com
1011,friendsheart.com
1012,aa.com
1013,google.com.af
1014,ablogica.com
1015,n11.com
1016,yjc.ir
1017,vesti.ru
1018,guancha.cn
1019,custhelp.com
1020,avast.com
1021,hepsiburada.com
1022,almasryalyoum.com
1023,elfagr.org
1024,eol.cn
1025,elwatannews.com
1026,yandex.kz
1027,itmedia.co.jp
1028,alwafd.org
1029,usbank.com
1030,cdninstagram.com
1031,dream.co.id
1032,creditkarma.com
1033,gmanetwork.com
1034,teepr.com
1035,junbi-tracker.com
1036,yespornplease.com
1037,ipetgroup.com
1038,mileroticos.com
1039,mynavi.jp
1040,kknews.cc
1041,rightmove.co.uk
1042,tmz.com
1043,adme.ru
1044,familydoctor.com.cn
1045,abcnews.go.com
1046,icy-veins.com
1047,mixplugin.com
1048,google.com.my
1049,joq.al
1050,dcard.tw
1051,1tv.ru
1052,alodokter.com
1053,wuxiaworld.com
1054,dawn.com
1055,jiameng.com
1056,nextdoor.com
1057,harvard.edu
1058,dumedia.ru
1059,deezer.com
1060,debate.com.mx
1061,repelis.tv
1062,sanjesh.org
1063,biblegateway.com
1064,nasa.gov
1065,cbssports.com
1066,filmfanatic.com
1067,keepvid.com
1068,nextlnk13.com
1069,thewhizmarket.co
1070,knowyourmeme.com
1071,pexels.com
1072,chess.com
1073,elevenia.co.id
1074,news.com.au
1075,hh.ru
1076,farsnews.com
1077,nmisr.com
1078,smallpdf.com
1079,pcmag.com
1080,seesaa.net
1081,eporner.com
1082,wired.com
1083,fishki.net
1084,ted.com
1085,india.com
1086,mobafire.com
1087,gumtree.com
1088,translationbuddy.com
1089,movie2free.com
1090,socialblade.com
1091,thepennyhoarder.com
1092,rutube.ru
1093,abril.com.br
1094,zhaopin.com
1095,oneindia.com
1096,nhk.or.jp
1097,ebc.net.tw
1098,mejortorrent.com
1099,rarbg.is
1100,gap.com
1101,royalbank.com
1102,tim.it
1103,blogspot.fr
1104,voluumtrk.com
1105,w3school.com.cn
1106,istockphoto.com
1107,infobae.com
1108,extratorrent.ag
1109,francetvinfo.fr
1110,yodobashi.com
1111,mysearch.com
1112,att.net
1113,auction.co.kr
1114,tilestwra.com
1115,wetter.com
1116,sfr.fr
1117,tamilrockers.nu
1118,wenxuecity.com
1119,edx.org
1120,kohls.com
1121,ifeng.com
1122,blogspot.tw
1123,readms.net
1124,ebay.ca
1125,b2b.cn
1126,sfgate.com
1127,watchfree.to
1128,ebates.com
1129,metro.co.uk
1130,argaam.com
1131,searchalgo.com
1132,jumia.com.ng
1133,eroterest.net
1134,twoo.com
1135,myanmarload.com
1136,aljazeera.net
1137,rozetka.com.ua
1138,dhgate.com
1139,quizzstar.com
1140,absoluteclickscom.com
1141,123rf.com
1142,slate.com
1143,skyscanner.net
1144,hbogo.com
1145,gosuslugi.ru
1146,filmweb.pl
1147,cookpad.com
1148,tripadvisor.co.uk
1149,cinecalidad.to
1150,opensubtitles.org
1151,efrable.info
1152,gittigidiyor.com
1153,pelisplus.tv
1154,onclickads.net
1155,bomb01.com
1156,nuvid.com
1157,change.org
1158,gazeta.ru
1159,fotostrana.ru
1160,1fichier.com
1161,icims.com
1162,pole-emploi.fr
1163,ebay.es
1164,kinozal.tv
1165,shopclues.com
1166,utorrent.com
1167,nanoadexchange.com
1168,bs.to
1169,basecamp.com
1170,miui.com
1171,lequipe.fr
1172,onclickmax.com
1173,wowkeren.com
1174,axisbank.co.in
1175,xing.com
1176,sina.com.tw
1177,v2ex.com
1178,poste.it
1179,usenet.nl
1180,thehindu.com
1181,blogspot.com.ar
1182,bintang.com
1183,clixsense.com
1184,ameba.jp
1185,retailmenot.com
1186,ficbook.net
1187,bola.net
1188,eztv.ag
1189,makeuseof.com
1190,akamaihd.net
1191,nairaland.com
1192,mynet.com
1193,brassring.com
1194,people.com
1195,milanuncios.com
1196,weather.gov
1197,kp.ru
1198,voirfilms.info
1199,deadspin.com
1200,echo.msk.ru
1201,adbooth.com
1202,n282adserv.com
1203,lynda.com
1204,easypdfcombine.com
1205,suara.com
1206,meteofrance.com
1207,americanas.com.br
1208,codecanyon.net
1209,gamestop.com
1210,brightside.me
1211,nsdl.com
1212,reclameaqui.com.br
1213,abc.net.au
1214,npmjs.com
1215,4399.com
1216,uniqlo.tmall.com
1217,gumtree.com.au
1218,mysagagame.com
1219,vg.no
1220,zappos.com
1221,zougla.gr
1222,novinky.cz
1223,banesconline.com
1224,furaffinity.net
1225,audible.com
1226,blogspot.com.eg
1227,alc.co.jp
1228,google.com.pr
1229,priceline.com
1230,zf.fm
1231,teamviewer.com
1232,readthedocs.io
1233,besoccer.com
1234,marketwatch.com
1235,ivi.ru
1236,t-mobile.com
1237,blogspot.de
1238,indiamart.com
1239,amaporn.com
1240,so-net.ne.jp
1241,nydailynews.com
1242,radiorage.com
1243,ppomppu.co.kr
1244,smartadtags.com
1245,clien.net
1246,nate.com
1247,brand.tmall.com
1248,todayhumor.co.kr
1249,topix.com
1250,worldofwarcraft.com
1251,thumbzilla.com
1252,toutiao.com
1253,sankei.com
1254,privatbank.ua
1255,kongregate.com
1256,ssl-images-amazon.com
1257,ly.com
1258,aarth.com
1259,plex.tv
1260,fandango.com
1261,xunlei.com
1262,vanguardngr.com
1263,startpage.com
1264,thisav.com
1265,wargaming.net
1266,vidio.com
1267,getbootstrap.com
1268,nudevista.com
1269,heise.de
1270,uniqlo.com
1271,mercari.com
1272,google.lv
1273,bahn.de
1274,yr.no
1275,ouo.press
1276,thoughtco.com
1277,constantcontact.com
1278,teamliquid.net
1279,immobilienscout24.de
1280,gotomeeting.com
1281,express.pk
1282,ssl4anyone5.com
1283,codecademy.com
1284,last.fm
1285,nextmedia.com
1286,flaticon.com
1287,cloudflare.com
1288,postbank.de
1289,doorblog.jp
1290,freebitco.in
1291,netteller.com
1292,yifysubtitles.com
1293,youku.com
1294,3sk.tv
1295,championat.com
1296,doodle.com
1297,televisionfanatic.com
1298,online-convert.com
1299,zryydi.com
1300,scol.com.cn
1301,paytm.in
1302,tuko.co.ke
1303,sky.com
1304,hindustantimes.com
1305,imagefap.com
1306,ky59812.com
1307,nvidia.com
1308,narod.ru
1309,worldoftanks.ru
1310,tradeadexchange.com
1311,gstatic.com
1312,dw.com
1313,ninisite.com
1314,efukt.com
1315,altervista.org
1316,quikr.com
1317,cracked.com
1318,6park.com
1319,bringmesports.com
1320,marriott.com
1321,movieweb.com
1322,rutor.info
1323,aksam.com.tr
1324,curapelanatureza.com.br
1325,ashemaletube.com
1326,blockchain.info
1327,suspents.info
1328,rockstargames.com
1329,chosun.com
1330,baskino.co
1331,24video.adult
1332,witchcraftcash.com
1333,gofundme.com
1334,mathworks.com
1335,limetorrents.cc
1336,indianrail.gov.in
1337,arstechnica.com